client_id,first_name,last_name,email,phone,client_type,demographics,mailing_address_id
1,Cody,Anderson,kjones@example.org,6234456557,Renter,"{""age_range"": ""35-44"", ""household_income"": ""$150k-$200k"", ""household_size"": 2}",11
2,Joseph,Jones,derekcarrillo@example.org,2127756185,Renter,"{""age_range"": ""45-54"", ""household_income"": ""$100k-$150k"", ""household_size"": 3}",12
3,Tami,Clark,steven11@example.org,4903521356,Renter,"{""age_range"": ""65+"", ""household_income"": ""$50k-$75k"", ""household_size"": 5}",13
4,William,Byrd,lori20@example.com,7883171210,Seller,"{""age_range"": ""25-34"", ""household_income"": ""$75k-$100k"", ""household_size"": 4}",14
5,Bryan,Norman,davidcolon@example.com,1994101372,Buyer/Seller,"{""age_range"": ""65+"", ""household_income"": ""$75k-$100k"", ""household_size"": 4}",15
6,Christopher,Boone,david70@example.org,9667066253,Buyer/Seller,"{""age_range"": ""55-64"", ""household_income"": ""$50k-$75k"", ""household_size"": 1}",16
7,Rebekah,Hill,cstephenson@example.net,9934768701,Renter,"{""age_range"": ""35-44"", ""household_income"": ""$150k-$200k"", ""household_size"": 2}",17
8,Joshua,Taylor,dawnrobles@example.org,8065787598,Renter,"{""age_range"": ""65+"", ""household_income"": ""$100k-$150k"", ""household_size"": 4}",18
9,Marc,Nelson,floresjeffery@example.com,0785932133,Renter,"{""age_range"": ""55-64"", ""household_income"": ""$200k+"", ""household_size"": 3}",19
10,Joseph,Velasquez,gallagherstacie@example.net,6522395590,Renter,"{""age_range"": ""55-64"", ""household_income"": ""$100k-$150k"", ""household_size"": 3}",20
11,Jade,Bell,annalopez@example.com,8427010393,Renter,"{""age_range"": ""35-44"", ""household_income"": ""$50k-$75k"", ""household_size"": 2}",21
12,Andrew,Woods,samantha32@example.com,2500292185,Renter,"{""age_range"": ""25-34"", ""household_income"": ""$200k+"", ""household_size"": 2}",22
13,Susan,Brooks,vwillis@example.com,5226752895,Seller,"{""age_range"": ""35-44"", ""household_income"": ""$150k-$200k"", ""household_size"": 3}",23
14,Jeffrey,Chapman,nicholasgross@example.com,2209690295,Renter,"{""age_range"": ""25-34"", ""household_income"": ""$75k-$100k"", ""household_size"": 3}",24
15,Samantha,Ponce,daniellegarcia@example.com,2513552157,Seller,"{""age_range"": ""45-54"", ""household_income"": ""$75k-$100k"", ""household_size"": 3}",25
16,Alexander,Clark,bellkristin@example.net,0067626765,Buyer,"{""age_range"": ""65+"", ""household_income"": ""$75k-$100k"", ""household_size"": 3}",26
17,Amy,Garcia,kkramer@example.net,3271040541,Buyer,"{""age_range"": ""25-34"", ""household_income"": ""$200k+"", ""household_size"": 3}",27
18,Charles,Jackson,emartin@example.net,1599706296,Seller,"{""age_range"": ""55-64"", ""household_income"": ""$50k-$75k"", ""household_size"": 1}",28
19,Eric,Garcia,terriortiz@example.net,8444310698,Renter,"{""age_range"": ""55-64"", ""household_income"": ""$150k-$200k"", ""household_size"": 4}",29
20,Mary,Hernandez,adam14@example.net,9731032417,Renter,"{""age_range"": ""35-44"", ""household_income"": ""$50k-$75k"", ""household_size"": 3}",30
21,Megan,Parker,qruiz@example.com,1862565270,Buyer/Seller,"{""age_range"": ""25-34"", ""household_income"": ""$50k-$75k"", ""household_size"": 4}",31
22,Jose,Marshall,maryelliott@example.org,1158693806,Buyer/Seller,"{""age_range"": ""25-34"", ""household_income"": ""$200k+"", ""household_size"": 1}",32
23,Loretta,Barnes,parmstrong@example.com,4160898992,Seller,"{""age_range"": ""35-44"", ""household_income"": ""$200k+"", ""household_size"": 3}",33
24,David,Todd,stacyjackson@example.org,3206163294,Buyer,"{""age_range"": ""35-44"", ""household_income"": ""$50k-$75k"", ""household_size"": 5}",34
25,Luis,Acosta,millerangela@example.net,5487099861,Buyer/Seller,"{""age_range"": ""65+"", ""household_income"": ""$200k+"", ""household_size"": 5}",35
26,Robert,Hernandez,buckleyanna@example.org,4856467997,Seller,"{""age_range"": ""65+"", ""household_income"": ""$150k-$200k"", ""household_size"": 4}",36
27,Benjamin,Hill,christinebecker@example.com,0653074505,Buyer/Seller,"{""age_range"": ""45-54"", ""household_income"": ""$200k+"", ""household_size"": 4}",37
28,Lisa,Turner,megan13@example.org,4754691373,Renter,"{""age_range"": ""65+"", ""household_income"": ""$200k+"", ""household_size"": 1}",38
29,Robin,Russell,xmalone@example.org,8214862890,Buyer,"{""age_range"": ""35-44"", ""household_income"": ""$75k-$100k"", ""household_size"": 3}",39
30,Glenn,Golden,marywright@example.com,0534578610,Buyer,"{""age_range"": ""35-44"", ""household_income"": ""$75k-$100k"", ""household_size"": 2}",40
31,John,Burns,ethompson@example.net,8552414060,Buyer,"{""age_range"": ""35-44"", ""household_income"": ""$50k-$75k"", ""household_size"": 4}",41
32,Frank,Armstrong,mercedesholland@example.net,3468007229,Buyer/Seller,"{""age_range"": ""65+"", ""household_income"": ""$150k-$200k"", ""household_size"": 3}",42
33,Lauren,Walker,jennifer46@example.com,5743748969,Buyer,"{""age_range"": ""35-44"", ""household_income"": ""$100k-$150k"", ""household_size"": 3}",43
34,Curtis,Hunt,anna99@example.com,4171545444,Buyer/Seller,"{""age_range"": ""25-34"", ""household_income"": ""$75k-$100k"", ""household_size"": 3}",44
35,Jacob,Holmes,racheltrujillo@example.net,6520744666,Seller,"{""age_range"": ""55-64"", ""household_income"": ""$50k-$75k"", ""household_size"": 5}",45
36,Jillian,Aguilar,matthewreeves@example.net,8758428241,Seller,"{""age_range"": ""35-44"", ""household_income"": ""$100k-$150k"", ""household_size"": 2}",46
37,Thomas,Figueroa,staceylam@example.net,1353465549,Buyer,"{""age_range"": ""25-34"", ""household_income"": ""$75k-$100k"", ""household_size"": 3}",47
38,Kelly,York,obrown@example.net,9917381684,Renter,"{""age_range"": ""55-64"", ""household_income"": ""$50k-$75k"", ""household_size"": 4}",48
39,Robert,Pitts,derrickgonzalez@example.com,9725217525,Renter,"{""age_range"": ""55-64"", ""household_income"": ""$100k-$150k"", ""household_size"": 5}",49
40,Cynthia,Smith,jason29@example.org,7129666676,Buyer/Seller,"{""age_range"": ""55-64"", ""household_income"": ""$50k-$75k"", ""household_size"": 5}",50
41,Adam,Ferguson,stephanie58@example.org,0033542168,Buyer,"{""age_range"": ""55-64"", ""household_income"": ""$100k-$150k"", ""household_size"": 5}",51
42,Brianna,Jackson,evanskelly@example.net,8985625753,Renter,"{""age_range"": ""25-34"", ""household_income"": ""$50k-$75k"", ""household_size"": 2}",52
43,Frederick,Meadows,osmith@example.net,2309821506,Buyer,"{""age_range"": ""45-54"", ""household_income"": ""$200k+"", ""household_size"": 1}",53
44,Nancy,Scott,wheelerbrandon@example.org,0016761847,Seller,"{""age_range"": ""55-64"", ""household_income"": ""$200k+"", ""household_size"": 4}",54
45,Jacqueline,Harris,turnerdorothy@example.net,8499261891,Renter,"{""age_range"": ""35-44"", ""household_income"": ""$200k+"", ""household_size"": 4}",55
46,Justin,Glover,mgonzalez@example.com,8356420873,Buyer/Seller,"{""age_range"": ""25-34"", ""household_income"": ""$150k-$200k"", ""household_size"": 3}",56
47,Haley,Castillo,aaronpowers@example.org,9721811437,Buyer/Seller,"{""age_range"": ""45-54"", ""household_income"": ""$100k-$150k"", ""household_size"": 1}",57
48,Vanessa,Phillips,lwilliams@example.org,4556110022,Seller,"{""age_range"": ""45-54"", ""household_income"": ""$150k-$200k"", ""household_size"": 4}",58
49,Mark,Kline,natalie15@example.com,2166746762,Renter,"{""age_range"": ""55-64"", ""household_income"": ""$200k+"", ""household_size"": 1}",59
50,Daniel,Horton,jarvismegan@example.org,6979729659,Buyer/Seller,"{""age_range"": ""25-34"", ""household_income"": ""$100k-$150k"", ""household_size"": 3}",60
51,Anthony,Cohen,timothyfreeman@example.com,7014508993,Renter,"{""age_range"": ""25-34"", ""household_income"": ""$150k-$200k"", ""household_size"": 5}",61
52,Tiffany,Santiago,april91@example.com,3756289002,Buyer,"{""age_range"": ""65+"", ""household_income"": ""$150k-$200k"", ""household_size"": 4}",62
53,William,Harrison,ebooth@example.com,5354083866,Buyer,"{""age_range"": ""35-44"", ""household_income"": ""$200k+"", ""household_size"": 3}",63
54,Lisa,Miller,csolis@example.org,7751701660,Buyer/Seller,"{""age_range"": ""55-64"", ""household_income"": ""$50k-$75k"", ""household_size"": 2}",64
55,Angela,Smith,connersylvia@example.net,4883755037,Renter,"{""age_range"": ""65+"", ""household_income"": ""$75k-$100k"", ""household_size"": 3}",65
56,Martin,Saunders,xmoran@example.net,7113055488,Buyer/Seller,"{""age_range"": ""55-64"", ""household_income"": ""$50k-$75k"", ""household_size"": 1}",66
57,Nathaniel,Rodriguez,travisunderwood@example.net,6149331637,Seller,"{""age_range"": ""35-44"", ""household_income"": ""$100k-$150k"", ""household_size"": 5}",67
58,Makayla,Lee,daniel60@example.net,9177982708,Buyer,"{""age_range"": ""65+"", ""household_income"": ""$150k-$200k"", ""household_size"": 1}",68
59,Jill,Tran,eroberson@example.net,2922169958,Seller,"{""age_range"": ""25-34"", ""household_income"": ""$150k-$200k"", ""household_size"": 1}",69
60,Nicole,Barnes,joshuastuart@example.com,7226984858,Seller,"{""age_range"": ""55-64"", ""household_income"": ""$100k-$150k"", ""household_size"": 5}",70
61,Cynthia,Harris,glenda22@example.net,8515879968,Renter,"{""age_range"": ""55-64"", ""household_income"": ""$150k-$200k"", ""household_size"": 4}",71
62,Justin,Boone,millsanthony@example.org,0034244204,Seller,"{""age_range"": ""55-64"", ""household_income"": ""$200k+"", ""household_size"": 2}",72
63,James,Weaver,lisa19@example.net,8386384066,Buyer/Seller,"{""age_range"": ""35-44"", ""household_income"": ""$200k+"", ""household_size"": 5}",73
64,Robert,French,tammy00@example.net,4397359893,Seller,"{""age_range"": ""25-34"", ""household_income"": ""$100k-$150k"", ""household_size"": 4}",74
65,Kimberly,Brandt,shane12@example.org,8160648422,Renter,"{""age_range"": ""65+"", ""household_income"": ""$100k-$150k"", ""household_size"": 1}",75
66,Brandy,Scott,steven20@example.org,5909479851,Renter,"{""age_range"": ""45-54"", ""household_income"": ""$200k+"", ""household_size"": 5}",76
67,Kristen,Stewart,susanmeyer@example.net,2688615335,Buyer/Seller,"{""age_range"": ""35-44"", ""household_income"": ""$150k-$200k"", ""household_size"": 5}",77
68,Mark,Carter,wbarajas@example.net,0157399305,Buyer/Seller,"{""age_range"": ""45-54"", ""household_income"": ""$100k-$150k"", ""household_size"": 5}",78
69,Patrick,Hogan,cruzamber@example.com,0858877043,Buyer/Seller,"{""age_range"": ""55-64"", ""household_income"": ""$100k-$150k"", ""household_size"": 2}",79
70,Luke,Miller,jacksonstephanie@example.net,8013361386,Seller,"{""age_range"": ""65+"", ""household_income"": ""$150k-$200k"", ""household_size"": 2}",80
71,Deborah,Case,andrewlove@example.org,1102481934,Buyer/Seller,"{""age_range"": ""25-34"", ""household_income"": ""$100k-$150k"", ""household_size"": 4}",81
72,Rickey,Hayes,bhamilton@example.com,1809190158,Buyer/Seller,"{""age_range"": ""55-64"", ""household_income"": ""$75k-$100k"", ""household_size"": 4}",82
73,Daniel,Buchanan,catherine47@example.com,6072832684,Buyer,"{""age_range"": ""35-44"", ""household_income"": ""$200k+"", ""household_size"": 5}",83
74,Susan,Thomas,susan08@example.net,2100996881,Renter,"{""age_range"": ""25-34"", ""household_income"": ""$150k-$200k"", ""household_size"": 1}",84
75,Kevin,Goodman,jason82@example.org,2394312908,Buyer/Seller,"{""age_range"": ""25-34"", ""household_income"": ""$75k-$100k"", ""household_size"": 4}",85
76,Steven,Dunn,emily41@example.org,9755231491,Seller,"{""age_range"": ""25-34"", ""household_income"": ""$150k-$200k"", ""household_size"": 3}",86
77,Rachel,Stewart,qmurphy@example.com,9299556205,Renter,"{""age_range"": ""65+"", ""household_income"": ""$150k-$200k"", ""household_size"": 1}",87
78,John,Walker,xhill@example.org,5777547812,Renter,"{""age_range"": ""65+"", ""household_income"": ""$150k-$200k"", ""household_size"": 3}",88
79,Debbie,Miller,michele28@example.org,4110809969,Buyer/Seller,"{""age_range"": ""65+"", ""household_income"": ""$50k-$75k"", ""household_size"": 5}",89
80,Jason,Johnson,amy87@example.net,2563942788,Buyer,"{""age_range"": ""35-44"", ""household_income"": ""$100k-$150k"", ""household_size"": 2}",90
81,Christopher,Cox,batesmelanie@example.net,2827229927,Buyer,"{""age_range"": ""55-64"", ""household_income"": ""$50k-$75k"", ""household_size"": 1}",91
82,Sheila,Williams,qhall@example.com,3038567700,Buyer/Seller,"{""age_range"": ""35-44"", ""household_income"": ""$100k-$150k"", ""household_size"": 1}",92
83,Tina,Nguyen,mary49@example.net,9266591846,Buyer,"{""age_range"": ""45-54"", ""household_income"": ""$50k-$75k"", ""household_size"": 3}",93
84,Teresa,Walker,wgomez@example.com,7908272318,Renter,"{""age_range"": ""45-54"", ""household_income"": ""$150k-$200k"", ""household_size"": 2}",94
85,Dawn,Lewis,ericguzman@example.org,3651777392,Seller,"{""age_range"": ""65+"", ""household_income"": ""$150k-$200k"", ""household_size"": 5}",95
86,Deborah,Jenkins,bradleyberry@example.org,2809202428,Seller,"{""age_range"": ""35-44"", ""household_income"": ""$75k-$100k"", ""household_size"": 1}",96
87,Susan,Greene,johnsjessica@example.com,1379772369,Buyer/Seller,"{""age_range"": ""65+"", ""household_income"": ""$75k-$100k"", ""household_size"": 4}",97
88,Douglas,Aguilar,cindydixon@example.org,5799136621,Seller,"{""age_range"": ""35-44"", ""household_income"": ""$150k-$200k"", ""household_size"": 3}",98
89,Allen,Mills,mserrano@example.org,2799088117,Buyer/Seller,"{""age_range"": ""45-54"", ""household_income"": ""$50k-$75k"", ""household_size"": 4}",99
90,Donna,Winters,princekimberly@example.net,6865086376,Renter,"{""age_range"": ""65+"", ""household_income"": ""$75k-$100k"", ""household_size"": 1}",100
91,Michael,Ballard,colemanjonathan@example.org,1498643009,Buyer/Seller,"{""age_range"": ""45-54"", ""household_income"": ""$200k+"", ""household_size"": 3}",101
92,Alexandra,Meyer,spena@example.com,6512694486,Buyer/Seller,"{""age_range"": ""45-54"", ""household_income"": ""$150k-$200k"", ""household_size"": 3}",102
93,Annette,Carr,afischer@example.net,8725887449,Seller,"{""age_range"": ""55-64"", ""household_income"": ""$150k-$200k"", ""household_size"": 1}",103
94,Maxwell,Thornton,melissahopkins@example.net,3721386589,Seller,"{""age_range"": ""55-64"", ""household_income"": ""$200k+"", ""household_size"": 3}",104
95,Heidi,Mann,paulfields@example.org,2796114351,Renter,"{""age_range"": ""45-54"", ""household_income"": ""$50k-$75k"", ""household_size"": 4}",105
96,Chelsea,Ramsey,hmendez@example.com,9027703843,Renter,"{""age_range"": ""25-34"", ""household_income"": ""$200k+"", ""household_size"": 1}",106
97,Arthur,Greene,christinacraig@example.com,3021465669,Buyer/Seller,"{""age_range"": ""45-54"", ""household_income"": ""$75k-$100k"", ""household_size"": 5}",107
98,James,Smith,calhounandrea@example.net,8955439376,Renter,"{""age_range"": ""35-44"", ""household_income"": ""$75k-$100k"", ""household_size"": 5}",108
99,Bailey,Green,jhunter@example.org,8451848947,Renter,"{""age_range"": ""35-44"", ""household_income"": ""$50k-$75k"", ""household_size"": 1}",109
100,Tammy,Hart,katherineali@example.com,7907141633,Renter,"{""age_range"": ""55-64"", ""household_income"": ""$50k-$75k"", ""household_size"": 5}",110
